{"mean": [-0.338590052083333], "scale": [0.47236843197533834]}