{"mean": -0.28766632142632625, "std": 0.5241760803999351}