{
  "mean": [
    97.50437242701845,
    36.748352906934606,
    79.53374662533747,
    94.47907375929073,
    53.44627537246275,
    74.99641903297447,
    1.750031024435754,
    25.003624968646605,
    0.49946505349465053
  ],
  "scale": [
    1.442594334814316,
    0.43328918255366045,
    11.55286497724597,
    4.797878880416905,
    20.786749613150548,
    14.471465899493808,
    0.14455348184207664,
    6.447127327743508,
    0.4999997138321545
  ]
}