{"mean": [7.63838769479772e-15, -2.4073267460381317e-15, -4.486806331375835e-16, 1.6234278084309858e-16, -1.7406556370485407e-17, 1.5003030647981238e-15, -3.002364547025511e-16, -5.0976343656421545e-17], "scale": [1.0, 1.0000000000000002, 1.0000000000000002, 1.0, 1.0, 0.9999999999999999, 0.9999999999999999, 0.9999999999999998]}